student_id,age,study_hours_per_week,previous_gpa,course_difficulty,actual_grade,predicted_grade,satisfaction_level,feedback_text
101,19,14,3.3,medium,87,85,high,This course exceeded my expectations in terms of content depth and practical application. The professor's use of interactive technologies and real-world case studies made complex theories much more accessible. I particularly appreciated the flipped classroom approach where we discussed readings during class time rather than just listening to lectures. The peer review sessions were incredibly valuable for improving my writing and critical thinking skills. The only downside was the occasional technical difficulties with the online platform.
102,22,7,2.9,easy,76,79,medium,"I found this course to be somewhat underwhelming compared to the course description. While the professor was knowledgeable, the delivery felt outdated and didn't incorporate modern teaching methods effectively. The assignments were straightforward but lacked creativity and didn't challenge me to think beyond basic comprehension. I was hoping for more interactive discussions and contemporary examples that relate to current industry trends. The grading was fair but the overall experience felt routine."
103,20,25,3.9,hard,95,93,high,"This has been one of the most intellectually demanding yet rewarding courses of my academic career. The professor's research-based approach brought cutting-edge insights directly into our learning experience. The workload was substantial, requiring me to completely restructure my study habits and time management strategies. The collaborative research project was particularly challenging, involving complex data analysis and theoretical framework development. Despite the stress, I feel significantly more prepared for graduate-level work."
104,18,11,2.7,medium,78,76,medium,"The course material was interesting and relevant, but the teaching style didn't quite match my learning preferences. I learn better through hands-on activities and visual demonstrations, while this course relied heavily on theoretical discussions and reading assignments. The professor was approachable and helpful during office hours, which made up for some of the classroom limitations. The midterm was challenging but fair, and the final project allowed for some creative expression."
105,21,9,2.4,easy,71,73,low,"Unfortunately, this course failed to engage me intellectually and felt more like a high school class than college-level education. The pace was extremely slow, and we spent too much time on basic concepts that could have been covered in a single session. The professor seemed hesitant to challenge students and often simplified complex topics to the point where they lost their meaning. I attended every class but felt like I wasn't learning anything new or developing critical thinking skills."
106,19,19,3.6,hard,93,91,high,"Absolutely phenomenal course that pushed every boundary of my academic comfort zone. The professor's expertise in both theoretical frameworks and practical applications created a unique learning environment that I've never experienced before. The interdisciplinary approach connected concepts from multiple fields, making the material incredibly rich and complex. The independent research component allowed me to dive deep into a topic I'm passionate about while maintaining rigorous academic standards. This course has fundamentally changed how I approach problem-solving."
107,20,13,3.1,medium,82,80,medium,"This was a well-organized course with clear objectives and reasonable expectations. The professor did a good job balancing different teaching methods to accommodate various learning styles in our diverse class. I particularly enjoyed the case study analyses and group presentations, which helped me develop both analytical and communication skills. Some of the theoretical content was dry, but the practical applications kept me engaged. The feedback on assignments was detailed and constructive."
108,18,8,2.8,easy,74,72,low,The course started with promising material but quickly became repetitive and predictable. The professor relied too heavily on the textbook without adding personal insights or current examples. Many class sessions felt like reading comprehension exercises rather than intellectual discussions. I was disappointed by the lack of creative assignments and the limited opportunities for student interaction. The final exam was straightforward but didn't test higher-order thinking skills.
109,22,17,3.4,hard,88,86,high,"This course demanded exceptional dedication and time management, but the educational payoff was substantial. The professor's innovative use of technology and multimedia resources enhanced the learning experience significantly. The simulation exercises and role-playing activities made abstract concepts tangible and memorable. I particularly valued the peer teaching opportunities, which reinforced my own understanding while helping classmates. The comprehensive final project integrated everything we learned throughout the semester."
110,19,12,3,medium,80,78,medium,"Overall, this was a solid course that met its stated learning objectives effectively. The professor was knowledgeable and generally well-prepared, though some lectures were more engaging than others. I appreciated the variety of assessment methods, including essays, presentations, and traditional exams. The course reader was comprehensive and current, providing good supplementary material. My main criticism is that class discussions sometimes lacked depth and could have been more intellectually stimulating."
111,21,6,2.5,easy,68,70,low,"This course was a significant disappointment that failed to justify the time and tuition investment. The professor appeared disorganized and often seemed unprepared for class sessions. Many concepts were presented superficially without adequate explanation or context. The assignments were poorly designed with unclear instructions, leading to frustration and inconsistent grading. I felt like I was essentially teaching myself the material without meaningful instructor guidance or feedback."
112,18,16,3.5,hard,90,88,high,Exceptional course that challenged me to think critically and creatively about complex issues. The professor's Socratic teaching method forced us to defend our ideas and consider alternative perspectives constantly. The reading list was extensive but every article contributed valuable insights to our understanding. The collaborative projects were intellectually stimulating and helped build professional relationships with classmates. This course significantly influenced my decision to pursue graduate studies in this field.
113,20,10,2.9,medium,79,77,medium,"The course content was relevant and up-to-date, but the delivery method could have been more dynamic. The professor was clearly knowledgeable but sometimes struggled to translate expertise into engaging classroom experiences. I learned a lot from the assigned readings and found the supplementary materials helpful. The group work was productive, though coordinating schedules was challenging. The grading was fair and transparent, with clear rubrics provided for all major assignments."
114,19,5,2.3,easy,67,69,low,"I had high expectations for this course based on the professor's reputation, but the reality was quite different. The material was presented in a monotonous lecture format without much student interaction or engagement. Many topics felt outdated and disconnected from current developments in the field. The professor seemed resistant to questions and rarely encouraged class discussion. I found myself checking my phone frequently during lectures because the pace was so slow and unstimulating."
115,22,21,3.8,hard,96,94,high,This course represented the pinnacle of my undergraduate educational experience. The professor's mastery of both subject matter and pedagogical techniques created an intellectually invigorating environment that challenged every student to excel. The research methodology we learned is applicable across multiple disciplines and will serve me well in future academic endeavors. The intensive writing requirements significantly improved my communication skills and analytical thinking abilities.
116,18,14,3.2,medium,84,82,high,"Good course with solid content and fair assessment practices. The professor was approachable and willing to provide extra help when students were struggling with difficult concepts. I liked the integration of current events and real-world examples that made theoretical material more relevant and interesting. The laboratory sessions provided valuable hands-on experience that complemented the theoretical discussions. Some topics could have been covered in greater depth, but overall pacing was appropriate."
117,21,8,2.6,easy,72,74,low,"While the professor was pleasant and well-meaning, the course lacked the intellectual rigor I expected at this level. The assignments were too simplistic and didn't require critical analysis or original thinking. Most class time was spent reviewing material that could have been learned independently through reading. I was hoping for more challenging projects and deeper exploration of complex topics. The course felt more like busy work than meaningful education."
118,19,18,3.7,hard,92,90,high,"Outstanding course that seamlessly integrated theoretical knowledge with practical skill development. The professor's industry connections brought valuable guest speakers and real-world case studies into our learning experience. The capstone project was particularly rewarding, allowing me to apply everything I learned to a meaningful problem in my field of interest. The collaborative elements fostered teamwork skills while maintaining individual accountability. This course significantly enhanced my resume and career prospects."
119,20,11,2.8,medium,81,79,medium,"This course provided a good foundation in the subject matter with competent instruction and reasonable expectations. The professor was organized and delivered material clearly, though some topics were more engaging than others. I appreciated the balanced approach between theoretical concepts and practical applications. The study guides were helpful for exam preparation, and the feedback on assignments was generally constructive. While not exceptional, the course achieved its educational objectives effectively."
120,18,7,2.4,easy,70,68,low,This course was unfortunately a poor use of my time and educational investment. The content felt repetitive of previous courses and didn't introduce new concepts or analytical frameworks. The professor seemed to underestimate student capabilities and presented material at an inappropriately basic level. Many assignments felt like busy work rather than meaningful learning activities. I would recommend significant curriculum revision to increase academic rigor and contemporary relevance.
121,22,20,3.9,hard,98,96,high,Extraordinary educational experience that pushed me to achieve at levels I didn't know were possible. The professor's innovative teaching methods and deep subject expertise created an inspiring learning environment that motivated every student to excel. The independent research component provided invaluable professional skills while contributing to cutting-edge scholarship in the field. This transformative course has fundamentally changed my academic trajectory and career aspirations.
122,19,13,3.3,medium,85,83,high,"Well-structured course with appropriate balance of different learning activities and assessment methods. The professor was knowledgeable and generally effective at explaining complex concepts through relevant examples and analogies. I particularly enjoyed the seminar-style discussions that allowed for deeper exploration of controversial topics. The writing assignments were challenging but helped develop my analytical and communication skills significantly. Some lectures could have been more interactive, but overall content was valuable."
123,21,9,2.7,easy,73,71,low,Expected much more from this course given its reputation and prerequisite requirements. The actual content was significantly less challenging than anticipated and didn't build upon previous coursework effectively. Many concepts were repeated from earlier classes without adding new depth or perspective. The professor was knowledgeable but seemed to cater to struggling students rather than pushing everyone to achieve at higher levels. I completed most assignments with minimal effort.
124,18,15,3.4,hard,89,87,high,"Challenging course that required significant time investment but provided proportional educational benefits. The professor maintained high academic standards while offering excellent support through detailed feedback and accessible office hours. The collaborative research project was particularly valuable, teaching both subject matter expertise and professional collaboration skills. The intensive writing requirements significantly improved my analytical and communication abilities. Highly recommend to serious students."
125,20,12,3,medium,83,81,medium,"Decent course that covered essential material competently with fair grading practices. The professor was generally well-prepared and organized, delivering content systematically and clearly. I appreciated the use of multimedia resources and technology to enhance learning. The field trip component was interesting and provided real-world context for theoretical concepts. While not particularly memorable or inspiring, the course served its purpose in my academic program effectively."
126,19,6,2.5,easy,69,67,low,This course failed to engage me intellectually and felt more like a remedial class than college-level education. The material was too elementary and moved at a frustratingly slow pace for students with any background knowledge. The professor seemed reluctant to challenge students and often simplified complex topics beyond recognition. I attended regularly but felt like I wasn't developing new skills or knowledge. Significant curriculum enhancement is needed.
127,22,19,3.6,hard,94,92,high,Exceptional course that combined rigorous academic content with innovative teaching methodologies. The professor's expertise and passion for the subject created an intellectually stimulating environment that challenged every student to excel. The research-based learning approach provided valuable professional skills while contributing to meaningful scholarly inquiry. The collaborative elements fostered important teamwork abilities alongside individual academic achievement. This course significantly influenced my future academic plans.
128,18,11,2.9,medium,78,76,medium,"Generally positive educational experience with competent instruction and reasonable expectations. The professor was approachable and willing to provide additional support when needed. I liked the variety of learning activities that accommodated different learning preferences and styles. The assessment methods were fair and aligned with stated learning objectives. Some topics were more interesting than others, but overall the course provided solid foundational knowledge for advanced studies."
129,20,8,2.6,easy,71,69,low,"While the professor was friendly and well-intentioned, the course lacked sufficient academic depth and intellectual challenge for college-level study. The assignments were too straightforward and didn't require critical thinking or original analysis. Class discussions rarely progressed beyond surface-level observations, missing opportunities for deeper scholarly engagement. I would recommend substantial improvements to increase educational rigor and contemporary relevance."
130,21,17,3.5,hard,91,89,high,Outstanding course that pushed me beyond my academic comfort zone in the most productive way possible. The professor's innovative approaches and high expectations created an environment where every student was motivated to achieve excellence. The independent study component allowed exploration of personal interests within rigorous scholarly frameworks. The skills developed in this course are directly applicable to my future career goals and graduate studies.
131,19,14,3.1,medium,84,82,medium,"Solid course with good content coverage and effective teaching methods. The professor was knowledgeable and generally well-prepared, though some lectures were more dynamic than others. I appreciated the integration of current research and contemporary examples that illustrated theoretical principles. The group projects were well-designed and contributed to both learning and professional skill development. The final exam was comprehensive but fair."
132,18,7,2.4,easy,66,64,low,"This course was disappointing and failed to provide educational value commensurate with the time invested. The material was outdated and presented without enthusiasm or innovation. The professor seemed disinterested in both the content and student learning, often appearing unprepared for class sessions. Many lectures were cancelled or shortened without adequate explanation. I learned more through independent study than classroom attendance."
133,22,18,3.7,hard,95,93,high,Phenomenal learning experience that exceeded all expectations and set new standards for academic excellence. The professor's masterful combination of theoretical depth and practical application created an intellectually rich environment. The research methodology component provided invaluable skills for future academic and professional endeavors. The collaborative projects fostered meaningful peer relationships while achieving serious scholarly objectives. This course fundamentally influenced my approach to learning.
134,20,10,2.8,medium,80,78,medium,"Well-organized course with clear learning objectives and appropriate academic challenge. The professor was effective at explaining complex ideas through concrete examples and case studies. I liked the balance between individual assignments and group work that allowed for different types of learning experiences. The grading was transparent and fair, with detailed rubrics provided for all major assignments. Some topics could have been explored in greater depth."
135,19,5,2.3,easy,64,62,low,"Unfortunately, this course represented a significant waste of educational opportunity and tuition money. The professor appeared chronically unprepared and disorganized, frequently providing inconsistent information and unclear instructions. The assignments were poorly designed with arbitrary grading criteria that seemed to change without notice. I felt abandoned as a student and received minimal meaningful feedback or support throughout the semester."
136,21,16,3.8,hard,93,91,high,Exceptional educational experience that challenged me to achieve at the highest academic level while providing comprehensive support. The professor's innovative teaching methods and profound expertise created an inspiring learning environment. The intensive research component provided valuable professional skills while contributing to cutting-edge scholarship. This transformative course has significantly influenced my academic trajectory and career aspirations.
137,18,13,3.2,medium,82,80,medium,"Good course overall with solid content delivery and fair assessment practices. The professor was knowledgeable and approachable, willing to provide additional help when students needed clarification. I appreciated the variety of learning activities including lectures, discussions, and hands-on projects. The course materials were current and relevant to contemporary issues in the field. While not exceptional, the course achieved its stated learning objectives effectively."
138,20,9,2.7,easy,72,70,low,"Expected more intellectual challenge and academic rigor from this course based on its description and prerequisites. The material was too elementary and didn't push students to develop advanced analytical skills. The professor seemed to prioritize easy grading over rigorous education, which ultimately shortchanged students seeking genuine academic development. Most assignments could be completed with minimal critical thinking or original research."
139,22,21,3.9,hard,97,95,high,"Outstanding course that maintained exceptional academic standards while fostering an inclusive and supportive learning environment. The professor's mastery of both subject matter and pedagogical techniques created unique educational opportunities. The capstone project was particularly valuable, integrating theoretical knowledge with practical application in meaningful ways. This course exemplifies the best of higher education and has significantly enhanced my academic preparation."
140,19,12,3,medium,81,79,medium,"Decent educational experience with competent instruction and reasonable expectations. The professor was organized and generally effective at delivering content, though some topics were presented more engagingly than others. I liked the use of current events and real-world examples that made theoretical concepts more relatable. The assessment methods were varied and fair, providing multiple ways to demonstrate learning."
141,18,8,2.5,easy,68,66,low,"This course failed to provide meaningful educational value despite regular attendance and effort on my part. The content was too basic and repetitive, covering material I had already learned in previous courses. The professor rarely encouraged questions or deeper discussion, creating a passive learning environment. I would recommend significant curriculum revision to increase academic rigor and eliminate redundancy with other courses."
142,21,15,3.4,hard,88,86,high,Excellent course that struck the perfect balance between academic challenge and student support. The professor's expertise and innovative teaching approaches made complex topics accessible while maintaining high standards. The collaborative research project provided valuable professional skills alongside subject matter knowledge. The intensive writing requirements significantly improved my analytical and communication abilities. Highly recommend to motivated students.
143,20,11,2.9,medium,79,77,medium,"Generally positive course experience with good content coverage and fair grading practices. The professor was knowledgeable and usually well-prepared, delivering material clearly and systematically. I appreciated the integration of multimedia resources and technology that enhanced the learning experience. The laboratory sessions provided valuable hands-on experience complementing theoretical discussions. Some lectures could have been more interactive."
144,19,6,2.6,easy,70,68,low,"While the professor was pleasant and approachable, the course lacked sufficient academic depth for college-level study. The assignments were too simplistic and didn't require advanced analytical thinking or original research. Many class sessions felt like review rather than new learning, with concepts presented at an inappropriately basic level. I would recommend substantial curriculum enhancement to increase educational value and intellectual challenge."
145,22,19,3.6,hard,92,90,high,Exceptional course that pushed every student to achieve at their highest potential while providing outstanding academic support. The professor's innovative methodologies and deep subject expertise created an intellectually stimulating environment. The independent research component allowed exploration of personal interests within rigorous scholarly frameworks. This transformative educational experience has significantly influenced my future academic and career plans.
146,18,14,3.3,medium,85,83,high,"Well-structured course with appropriate balance of theoretical concepts and practical applications. The professor was effective at explaining complex ideas through relevant examples and case studies. I particularly enjoyed the seminar-style discussions that allowed for deeper exploration of controversial topics. The assessment methods were varied and aligned with learning objectives, providing fair evaluation of student progress."
147,21,7,2.4,easy,67,65,low,This course was unfortunately a poor investment of time and educational resources. The material was outdated and presented without innovation or enthusiasm. The professor seemed disconnected from current developments in the field and relied heavily on dated examples. Many assignments felt like busy work rather than meaningful learning activities. I would strongly recommend avoiding this course until significant improvements are made.
148,19,17,3.5,hard,90,88,high,Outstanding educational experience that exceeded expectations in every aspect of course delivery. The professor's mastery of both theoretical frameworks and practical applications created unique learning opportunities. The research methodology component provided invaluable skills for future academic endeavors. The collaborative elements fostered meaningful peer relationships while achieving serious scholarly objectives. This course has fundamentally influenced my approach to learning.
149,20,13,3.1,medium,83,81,medium,"Solid course that provided good foundational knowledge with appropriate academic challenge. The professor was competent and generally well-prepared, though some topics were more engaging than others. I appreciated the variety of learning activities that accommodated different learning styles and preferences. The grading was fair and transparent, with clear criteria provided for all assignments. Served its purpose effectively in my academic program."
150,18,9,2.8,easy,74,72,low,Expected more from this course based on catalog description and prerequisite requirements. The actual content was significantly less challenging than anticipated and didn't build upon previous coursework effectively. The professor seemed to cater to struggling students rather than pushing everyone to excel academically. I completed most assignments with minimal effort and didn't feel like I developed new skills or knowledge meaningfully.
151,22,20,3.8,hard,96,94,high,Phenomenal learning experience that challenged me intellectually while providing comprehensive academic support. The professor's innovative teaching methods and profound expertise created an inspiring educational environment. The capstone research project provided valuable professional skills while contributing to meaningful scholarly inquiry. This transformative course has significantly enhanced my analytical abilities and influenced my future academic trajectory.
152,19,10,2.7,medium,78,76,medium,"Generally positive educational experience with competent instruction and reasonable expectations. The professor was organized and knowledgeable, delivering material systematically though some topics were more interesting than others. I liked the integration of current research and contemporary examples that illustrated theoretical principles effectively. The course achieved its stated learning objectives and provided good preparation for advanced studies."
153,21,8,2.5,easy,69,67,low,"Unfortunately, this course failed to engage me intellectually or provide meaningful educational value. The material was too elementary and presented in a monotonous format without student interaction. The professor rarely encouraged questions or deeper analysis, missing opportunities for intellectual growth. I attended regularly but felt like I wasn't learning anything new or developing critical thinking skills. Significant improvement needed."
154,18,16,3.7,hard,91,89,high,Exceptional course that pushed me beyond my academic comfort zone in the most productive way. The professor's expertise and innovative approaches created an environment where every student was motivated to excel. The intensive research component provided valuable professional skills while allowing exploration of personal interests. This course significantly enhanced my analytical abilities and academic confidence for future challenges.
155,20,12,3.2,medium,84,82,medium,Well-designed course with good balance of different learning activities and assessment methods. The professor was knowledgeable and effective at explaining complex concepts through appropriate examples. I appreciated the variety of teaching methods that accommodated different learning preferences. The feedback on assignments was constructive and helped me improve throughout the semester. Solid educational experience overall.
156,19,5,2.2,easy,63,61,low,"This course was a significant disappointment that failed to justify the time and tuition investment. The professor appeared disorganized and often unprepared, providing inconsistent information and unclear instructions. The assignments were poorly designed with arbitrary grading that seemed to change without explanation. I felt like I was essentially teaching myself without meaningful instructor guidance or support."
157,22,18,3.9,hard,94,92,high,Outstanding educational experience that maintained exceptional academic standards while fostering intellectual growth. The professor's masterful teaching techniques and deep subject knowledge created an inspiring learning environment. The collaborative research project provided invaluable professional skills alongside theoretical understanding. This course exemplifies the best of higher education and has significantly influenced my academic and career aspirations.
158,21,11,2.9,medium,80,78,medium,"Decent course that covered essential material competently with fair assessment practices. The professor was generally well-prepared and organized, though some lectures were more engaging than others. I appreciated the use of multimedia resources that enhanced learning and maintained student interest. The course provided solid foundational knowledge for future advanced studies in the field."
159,18,7,2.6,easy,71,69,low,"While the professor was well-meaning and approachable, the course lacked sufficient academic rigor for college-level education. The assignments were too straightforward and didn't challenge students to think critically or analytically. Most class time was spent reviewing basic concepts rather than exploring complex ideas. I would recommend substantial curriculum revision to increase intellectual challenge and educational value."
160,19,15,3.4,hard,89,87,high,"Excellent course that combined theoretical depth with practical application effectively. The professor's expertise and passion made complex topics accessible while maintaining high academic standards. The research project was particularly valuable, allowing me to develop professional skills while exploring personal interests. The collaborative elements fostered important teamwork abilities alongside individual achievement. Highly recommend to serious students."
161,20,13,3,medium,82,80,medium,"Solid educational experience with good content delivery and appropriate academic challenge. The professor was competent and usually well-prepared, delivering material clearly and systematically. I liked the balance between theoretical concepts and real-world applications that made learning more relevant. The grading was fair and transparent, with clear rubrics provided for major assignments."
162,22,6,2.3,easy,65,63,low,"This course was unfortunately a waste of educational opportunity and resources. The material was outdated and presented without enthusiasm or innovation. The professor seemed disinterested in both content and student learning, often appearing unprepared for class sessions. Many assignments felt like busy work rather than meaningful learning activities. Would strongly advise avoiding until improvements are made."
163,18,19,3.6,hard,93,91,high,Exceptional learning experience that exceeded all expectations and challenged me to achieve at the highest level. The professor's innovative teaching methods and profound expertise created an intellectually stimulating environment. The intensive research component provided valuable skills for future academic endeavors while contributing to meaningful scholarship. This transformative course has significantly influenced my academic trajectory.
164,21,14,3.3,medium,85,83,high,"Well-organized course with clear objectives and effective teaching methods. The professor was knowledgeable and generally engaging, though some topics were more interesting than others. I appreciated the variety of learning activities and assessment methods that accommodated different learning styles. The course materials were current and relevant to contemporary issues in the field."
165,19,8,2.7,easy,73,71,low,"Expected more intellectual challenge from this course based on its reputation and prerequisites. The material was too basic and didn't push students to develop advanced analytical skills. The professor seemed to prioritize easy grading over rigorous education, which ultimately shortchanged students seeking genuine academic growth. Most assignments required minimal critical thinking or original research."
166,20,17,3.5,hard,88,86,high,"Outstanding course that pushed me to excel while providing comprehensive academic support. The professor's expertise and innovative approaches made difficult material accessible and interesting. The capstone project was particularly rewarding, integrating theoretical knowledge with practical application. This course significantly enhanced my analytical abilities and prepared me well for future academic challenges."
167,18,12,3.1,medium,81,79,medium,Generally positive course experience with competent instruction and fair grading practices. The professor was organized and effective at explaining complex concepts through relevant examples. I liked the integration of current events that made theoretical material more relatable and interesting. The course achieved its learning objectives and provided good preparation for advanced coursework.
168,22,9,2.8,easy,72,70,low,"While the professor was pleasant and knowledgeable, the course lacked sufficient academic depth for college-level study. The assignments were too simplistic and didn't require advanced analytical thinking. Many class sessions felt repetitive and could have been condensed significantly. I would recommend curriculum enhancement to increase educational rigor and eliminate redundancy with other courses."
169,19,16,3.8,hard,95,93,high,Phenomenal educational experience that challenged every aspect of my academic abilities while providing outstanding support. The professor's mastery of both subject matter and teaching techniques created an inspiring learning environment. The research methodology component provided invaluable skills for future endeavors. This transformative course has fundamentally changed my approach to learning and academic inquiry.
170,21,10,2.6,medium,77,75,medium,"Decent course that covered fundamental concepts adequately with reasonable expectations. The professor was generally well-prepared though some lectures were more engaging than others. I appreciated the use of multimedia resources and technology that enhanced the learning experience. While not particularly memorable, the course served its purpose in my academic program and provided solid foundational knowledge."
171,18,5,2.4,easy,68,66,low,"This course failed to provide meaningful educational value despite my regular attendance and effort. The content was too elementary and repetitive, covering material already learned in previous courses. The professor rarely encouraged deeper discussion or critical analysis, creating a passive learning environment. Significant curriculum revision needed to increase academic rigor and contemporary relevance."
172,20,18,3.7,hard,92,90,high,Excellent course that exceeded expectations and provided exceptional educational value. The professor's innovative teaching methods and deep expertise created an intellectually rich learning environment. The collaborative research project provided valuable professional skills while contributing to meaningful academic inquiry. This course has significantly influenced my future academic and career plans.
173,19,11,2.9,medium,79,77,medium,"Solid educational experience with good content coverage and effective teaching methods. The professor was knowledgeable and generally well-prepared, delivering material clearly and systematically. I appreciated the variety of assessment methods that provided multiple ways to demonstrate learning. The course materials were current and relevant to contemporary developments in the field."
174,22,7,2.5,easy,67,65,low,"Unfortunately, this course represented a poor use of time and educational resources. The material was outdated and presented without innovation or enthusiasm. The professor seemed disconnected from current field developments and student needs. Many assignments felt like busy work rather than meaningful learning activities. Would recommend substantial improvements before taking this course."
175,21,15,3.4,hard,90,88,high,Outstanding course that combined rigorous academic content with innovative teaching methodologies. The professor's expertise and passion created an inspiring educational environment that motivated every student to excel. The independent research component provided valuable skills while allowing exploration of personal interests. This course significantly enhanced my analytical abilities and academic preparation.
176,18,13,3.2,medium,84,82,medium,Well-structured course with appropriate balance of theoretical concepts and practical applications. The professor was effective at explaining complex ideas through concrete examples and case studies. I particularly enjoyed the interactive discussions that allowed for deeper exploration of topics. The assessment methods were fair and aligned with learning objectives.
177,19,9,2.8,easy,74,72,low,"While the professor was friendly and approachable, the course lacked sufficient academic challenge for college-level education. The assignments were too straightforward and didn't require critical thinking or original analysis. Most class time was spent on basic review rather than exploring complex ideas. Curriculum enhancement needed to increase educational value and intellectual rigor."
178,20,19,3.6,hard,91,89,high,Exceptional learning experience that pushed me to achieve at levels I didn't know were possible. The professor's innovative approaches and high expectations created an environment where every student was motivated to excel. The research component provided invaluable professional skills while contributing to cutting-edge scholarship. This transformative course has significantly influenced my academic trajectory.
179,22,12,3,medium,80,78,medium,"Generally positive course experience with competent instruction and reasonable expectations. The professor was organized and knowledgeable, though some topics were more engaging than others. I appreciated the integration of current research that illustrated theoretical principles effectively. The course provided good foundational knowledge for future advanced studies."
180,18,6,2.3,easy,66,64,low,This course was disappointing and failed to provide educational value commensurate with time invested. The material was too basic and presented in a monotonous format without student engagement. The professor seemed disinterested and often appeared unprepared for class sessions. I learned more through independent study than classroom attendance.
181,21,17,3.5,hard,90,88,high,"Excellent course that struck perfect balance between academic rigor and student support. The professor's expertise and innovative teaching methods created an engaging and challenging learning environment. The research project fostered critical thinking and practical skills, preparing me well for future academic and professional pursuits."
182,19,14,3.3,medium,83,81,medium,"Well-balanced course that offered a fair academic challenge with effective teaching and clear expectations. The professor was knowledgeable and supportive, helping students grasp complex topics through practical examples."
183,21,8,2.6,easy,70,68,low,"The course lacked sufficient depth and mostly reviewed previously learned material. Assignments were straightforward, requiring minimal critical thinking or effort."
184,20,17,3.7,hard,90,88,high,"An intellectually demanding course with rigorous projects and comprehensive instructor support. The professor's expertise made difficult concepts accessible, enhancing my skills significantly."
185,18,6,2.4,easy,65,63,low,Disappointing course with outdated material and little engagement from the professor. Class sessions felt monotonous and uninspiring.
186,22,19,3.9,hard,95,93,high,Exceptional course that challenged me academically and professionally. The research components were particularly valuable and well-integrated with theoretical learning.
187,20,10,3,medium,79,77,medium,Competently taught course with clear structure and relevant content. Assessment methods were fair and feedback was helpful throughout the semester.
188,19,7,2.7,easy,72,70,low,"While the professor was approachable, the course content was too basic to meet college-level expectations. More rigorous curriculum would improve educational value."
189,21,13,3.4,hard,87,85,high,Great course that combined challenging academic material with innovative teaching approaches. The capstone project provided useful professional experience.
190,18,9,2.8,medium,80,78,medium,"The course provided a solid foundation with systematic coverage of key concepts. Some lectures were more engaging than others, but overall a positive experience."
191,22,5,2.3,easy,64,62,low,This course was underwhelming and failed to engage students meaningfully. The professor appeared unprepared and the assignments lacked intellectual rigor.
192,20,16,3.5,hard,89,87,high,Highly effective course that pushed students beyond their comfort zones with challenging content and excellent instructor support. The collaborative research project was rewarding.
193,19,12,3.1,medium,82,80,medium,Well-organized and competently delivered course with fair grading. The integration of current examples helped clarify theoretical ideas.
194,18,8,2.6,easy,69,67,low,The course was too elementary and did not encourage critical thinking. The professor rarely stimulated deeper analysis or discussion.
195,21,18,3.8,hard,92,90,high,Outstanding learning experience with high academic standards and thorough instructor engagement. The research component significantly enhanced my analytical skills.
196,20,11,2.9,medium,79,77,medium,Solid course with a good mix of theory and practice. The professor was knowledgeable and provided useful feedback on assignments.
197,22,14,3.3,hard,88,86,high,Rigorous course with challenging projects and excellent academic support. The professorâ€™s expertise was evident and inspired students to excel.
198,19,6,2.5,easy,66,64,low,Disappointing course that lacked intellectual rigor and seemed more like busy work than meaningful education. Improvements are needed.
199,21,15,3.6,hard,90,88,high,Excellent course that balanced academic challenge with support. The independent research was particularly valuable for skill development.
200,18,10,2.7,medium,81,79,medium,Competent instruction with clear objectives and fair grading. The course materials were relevant and the professor was generally engaging.
